beta_t,beta,best_actor_num,mean-okl/0,mean-bkl/0,mean-okl/1,mean-bkl/1,mean-okl/2,mean-bkl/2,mean-okl/3,mean-bkl/3,return-average/0,episode-length-avg/0,return-average/1,episode-length-avg/1,return-average/2,episode-length-avg/2,return-average/3,episode-length-avg/3,return-average,time-eval,time-total,epoch,avg-path-return/0,total-samples/0,avg-path-return/1,total-samples/1,avg-path-return/2,total-samples/2,avg-path-return/3,total-samples/3
1,1,0,nan,nan,nan,nan,nan,nan,nan,nan,931.8643491255343,1000.0,963.5539709184083,1000.0,868.0596376179489,932.3,923.247879505279,1000.0,921.6814592917925,0,22.44032448100188,0,-43.16678467916535,1000.0,-35.14177312811941,1000.0,-33.69661625965099,1000.0,-25.483158163487815,1000.0
1,1,0,nan,nan,nan,nan,nan,nan,nan,nan,899.8396852860535,1000.0,964.0090382772245,1000.0,921.7302271141737,1000.0,921.5021409623862,1000.0,926.7702729099594,0,44.51871971100263,4,-115.20689349749756,2000.0,-52.375777884693676,2000.0,-59.62571106418373,2000.0,-90.13066332352436,2000.0
