beta_t,beta,best_actor_num,mean-okl/0,mean-bkl/0,mean-okl/1,mean-bkl/1,mean-okl/2,mean-bkl/2,mean-okl/3,mean-bkl/3,return-average/0,episode-length-avg/0,return-average/1,episode-length-avg/1,return-average/2,episode-length-avg/2,return-average/3,episode-length-avg/3,return-average,time-eval,time-total,epoch,avg-path-return/0,total-samples/0,avg-path-return/1,total-samples/1,avg-path-return/2,total-samples/2,avg-path-return/3,total-samples/3
1,1,0,nan,nan,nan,nan,nan,nan,nan,nan,899.5280415630232,1000.0,830.5663006940192,1000.0,882.5686526326119,1000.0,938.066797475825,1000.0,887.6824480913698,0,22.84224317200278,0,-18.10844056004473,1000.0,-1.3786760253803894,1000.0,-329.2772234578781,1000.0,-44.2289795636412,1000.0
1,1,0,nan,nan,nan,nan,nan,nan,nan,nan,900.7999618328258,1000.0,831.8310398608613,1000.0,882.7425937776964,1000.0,929.2104743609276,1000.0,886.1460174580778,0,45.29273751500659,4,-35.651997513008624,2000.0,-21.53060764806087,2000.0,-342.7350410124769,2000.0,-66.11481236334433,2000.0
