beta_t,beta,best_actor_num,mean-okl/0,mean-bkl/0,mean-okl/1,mean-bkl/1,mean-okl/2,mean-bkl/2,mean-okl/3,mean-bkl/3,return-average/0,episode-length-avg/0,return-average/1,episode-length-avg/1,return-average/2,episode-length-avg/2,return-average/3,episode-length-avg/3,return-average,time-eval,time-total,epoch,avg-path-return/0,total-samples/0,avg-path-return/1,total-samples/1,avg-path-return/2,total-samples/2,avg-path-return/3,total-samples/3
1,1,0,nan,nan,nan,nan,nan,nan,nan,nan,773.6775537799313,1000.0,966.0869043513119,1000.0,898.0490723412055,1000.0,823.2169502684197,1000.0,865.2576201852171,0,22.957402425003238,0,9.998282921290421,1000.0,-47.042920563477665,1000.0,-19.32165361969725,1000.0,-9.246590902283959,1000.0
1,1,0,nan,nan,nan,nan,nan,nan,nan,nan,704.2695721195921,945.1,966.8945249741021,1000.0,914.194232511152,1000.0,804.9797912397477,1000.0,847.5845302111485,0,44.03378512200288,4,-94.00114714933329,2000.0,-74.369059298943,2000.0,-61.17690981704095,2000.0,-50.059388060999055,2000.0
