beta_t,beta,best_actor_num,mean-okl/0,mean-bkl/0,mean-okl/1,mean-bkl/1,mean-okl/2,mean-bkl/2,mean-okl/3,mean-bkl/3,return-average/0,episode-length-avg/0,return-average/1,episode-length-avg/1,return-average/2,episode-length-avg/2,return-average/3,episode-length-avg/3,return-average,time-eval,time-total,epoch,avg-path-return/0,total-samples/0,avg-path-return/1,total-samples/1,avg-path-return/2,total-samples/2,avg-path-return/3,total-samples/3
1,1,0,nan,nan,nan,nan,nan,nan,nan,nan,921.4150213138698,1000.0,680.8003694396299,1000.0,942.2567353530767,1000.0,957.8903214418045,1000.0,875.5906118870953,0,23.48172161399998,0,-30.318965635926986,1000.0,0.31994650969489746,1000.0,-4.5142085278271695,1000.0,-50.61715456030704,1000.0
1,1,0,nan,nan,nan,nan,nan,nan,nan,nan,913.7737420460477,1000.0,680.1860897111814,1000.0,936.5774927533839,1000.0,864.9341428395337,901.9,848.8678668375367,0,45.36884609499975,4,-48.70755691536589,2000.0,-21.09037055808618,2000.0,-31.799937203188115,2000.0,-26.041396382177044,2000.0
