beta_t,beta,best_actor_num,mean-okl/0,mean-bkl/0,mean-okl/1,mean-bkl/1,mean-okl/2,mean-bkl/2,mean-okl/3,mean-bkl/3,return-average/0,episode-length-avg/0,return-average/1,episode-length-avg/1,return-average/2,episode-length-avg/2,return-average/3,episode-length-avg/3,return-average,time-eval,time-total,epoch,avg-path-return/0,total-samples/0,avg-path-return/1,total-samples/1,avg-path-return/2,total-samples/2,avg-path-return/3,total-samples/3
1,1,0,nan,nan,nan,nan,nan,nan,nan,nan,704.1364498891322,1000.0,854.7941799489147,907.7,948.1935606693448,1000.0,955.5929485455569,1000.0,865.6792847632372,0,22.46668001600483,0,-30.9048120298305,1000.0,-17.447578420821532,1000.0,-42.29754566905241,1000.0,-29.839208222860087,1000.0
1,1,0,nan,nan,nan,nan,nan,nan,nan,nan,723.5901217764194,1000.0,926.2082727253171,1000.0,926.3126890412143,1000.0,963.4820129530366,1000.0,884.8982741239969,0,45.42730490100439,4,-51.86353343799635,2000.0,-54.346519166235865,2000.0,-26.094275462726806,2000.0,-40.068616099162895,2000.0
