beta_t,beta,best_actor_num,mean-okl/0,mean-bkl/0,mean-okl/1,mean-bkl/1,mean-okl/2,mean-bkl/2,mean-okl/3,mean-bkl/3,return-average/0,episode-length-avg/0,return-average/1,episode-length-avg/1,return-average/2,episode-length-avg/2,return-average/3,episode-length-avg/3,return-average,time-eval,time-total,epoch,avg-path-return/0,total-samples/0,avg-path-return/1,total-samples/1,avg-path-return/2,total-samples/2,avg-path-return/3,total-samples/3
1,1,0,nan,nan,nan,nan,nan,nan,nan,nan,540.1605281389916,837.4,834.5425440589897,901.1,902.846578346957,1000.0,913.5461458382131,1000.0,797.7739490957879,0,20.920847394998418,0,-16.031159519431334,1000.0,-33.85274900879643,1000.0,-32.436510576406135,1000.0,-36.28005107107723,1000.0
1,1,0,nan,nan,nan,nan,nan,nan,nan,nan,447.52781258410215,676.4,927.6856995100892,1000.0,902.7337467125759,1000.0,916.1455221239048,1000.0,798.5231952326681,0,40.8899589900102,4,-12.845508821506522,2000.0,-42.81422566137391,2000.0,-45.55116841528437,2000.0,-138.10551534529137,2000.0
